{
  "id": "643a2358-083b-4c4d-9a42-d00a19874e7e",
  "ammeter_type": "greenlee",
  "timestamp": "2026-05-06T02:42:21",
  "duration_seconds": 9.007,
  "requested_measurements": 10,
  "actual_measurements": 10,
  "measurements": [
    0.19207991372115585,
    0.3458284893767695,
    0.10341427868593348,
    1.218076204894639,
    0.19137595455913675,
    0.021509637992405406,
    0.19171568520270918,
    0.12490771190320202,
    0.07953011419945641,
    0.13549227794350294
  ],
  "stats": {
    "mean": 0.26039302684789106,
    "median": 0.16343411625131984,
    "std_dev": 0.3475275151982548,
    "min": 0.021509637992405406,
    "max": 1.218076204894639
  },
  "errors": []
}