{
  "id": "ed064fd2-38d3-40a1-9809-12cb73461beb",
  "ammeter_type": "circutor",
  "timestamp": "2026-05-06T02:42:39",
  "duration_seconds": 9.002,
  "requested_measurements": 10,
  "actual_measurements": 10,
  "measurements": [
    0.03395987822069489,
    0.013808852696795002,
    0.01934658542605106,
    0.015098531575474215,
    0.006240619674801452,
    0.021726558701601638,
    0.03907922711396161,
    0.022830314509273367,
    0.04618146128201441,
    0.021675715580582518
  ],
  "stats": {
    "mean": 0.023994774478125015,
    "median": 0.021701137141092078,
    "std_dev": 0.01225054961949595,
    "min": 0.006240619674801452,
    "max": 0.04618146128201441
  },
  "errors": []
}