{
  "id": "88e6e273-673e-4676-8d9a-170192ec5618",
  "ammeter_type": "entes",
  "timestamp": "2026-05-06T02:42:30",
  "duration_seconds": 9.007,
  "requested_measurements": 10,
  "actual_measurements": 10,
  "measurements": [
    42.465583210350246,
    26.710690571470018,
    116.98410843362792,
    29.10405235190599,
    104.443593392677,
    51.12781022935408,
    113.48471571002561,
    86.95733454608776,
    121.59010715913779,
    108.67639163883118
  ],
  "stats": {
    "mean": 80.15443872434676,
    "median": 95.70046396938238,
    "std_dev": 38.52756867886102,
    "min": 26.710690571470018,
    "max": 121.59010715913779
  },
  "errors": []
}