{
  "id": "cb4bd016-64ae-418a-9c49-a592c1f7b6c6",
  "ammeter_type": "circutor",
  "timestamp": "2026-05-06T02:28:34",
  "duration_seconds": 9.004,
  "requested_measurements": 10,
  "actual_measurements": 9,
  "measurements": [
    0.027313531363468507,
    0.01292392765545025,
    0.01941825925479955,
    0.006800875768245482,
    0.020143320488467984,
    0.037859549825795855,
    0.048123562616084296,
    0.042170002685361856,
    0.03442365807197909
  ],
  "stats": {
    "mean": 0.027686298636628096,
    "median": 0.027313531363468507,
    "std_dev": 0.013945747242602356,
    "min": 0.006800875768245482,
    "max": 0.048123562616084296
  },
  "errors": [
    "sample 3: simulated connection error on sample 3"
  ]
}