{
  "id": "85da25fe-fda7-46fd-b6b6-e7bb79802d57",
  "ammeter_type": "entes",
  "timestamp": "2026-05-06T02:28:25",
  "duration_seconds": 9.004,
  "requested_measurements": 10,
  "actual_measurements": 10,
  "measurements": [
    76.98281120366,
    56.95750821514342,
    176.34894330463422,
    93.73167136209773,
    73.19969298199972,
    83.13623031024933,
    571.2862280147522,
    29.351483491468322,
    55.31443101896848,
    17.015919799697368
  ],
  "stats": {
    "mean": 123.33249197026707,
    "median": 75.09125209282986,
    "std_dev": 163.2294127835092,
    "min": 17.015919799697368,
    "max": 571.2862280147522
  },
  "errors": [
    "sample 7: simulated outlier"
  ]
}